"id_tutor";"first_name";"last_name";"Email";"Phone_number"
1;"Robert";"Brown";"robert.brown@example.com";"1234567890"
2;"Emily";"Johnson";"emily.johnson@example.com";"0987654321"
3;"Michael";"Smith";"michael.smith@example.com";"2345678901"
4;"Sarah";"Williams";"sarah.williams@example.com";"3456789012"
5;"David";"Jones";"david.jones@example.com";"4567890123"
6;"Jessica";"Garcia";"jessica.garcia@example.com";"5678901234"
7;"Daniel";"Martinez";"daniel.martinez@example.com";"6789012345"
8;"Laura";"Rodriguez";"laura.rodriguez@example.com";"7890123456"
9;"James";"Martinez";"james.martinez@example.com";"8901234567"
10;"Megan";"Taylor";"megan.taylor@example.com";"9012345678"
